"employee_name","total_orders","avg_order_value","percent_large_orders"
Steven Buchanan,24,1681.26196795338,58.3
Janet Leverling,72,1677.9434023857702,55.6
Laura Callahan,53,1428.064151228575,52.8
Anne Dodsworth,29,2094.1610839000286,51.7
Nancy Davolio,73,1683.2530742377267,50.7
Margaret Peacock,87,1331.0606978766727,44.8
Andrew Fuller,59,1780.893982754208,44.1
Robert King,39,1862.8162102821614,38.5
Michael Suyama,37,1056.0020101565522,37.8
