"segment","orders","total_revenue"
LOYAL,446,736085.5403413656
NEW,27,16969.150003425777
